acute_load,chronic_load,acwr,fatigue_score,sleep_hours,injury
762.1780831931537,980.2857225639665,0.7775060532348205,8,6.993292420985183,1
609.1961642353418,623.2334448672798,0.977476689116183,8,5.668543055695109,0
955.621931064197,622.5646316108401,1.5349762619691318,8,8.162213204002109,1
627.2774770449704,673.3618039413735,0.9315608241711086,6,4.035331526098587,1
867.3422621808725,759.9443886861022,1.1413233324618064,3,5.912309956335814,0
1188.2616200647517,786.705157299192,1.5104281560122577,5,7.037724259507192,0
545.5361150896956,979.5542149013334,0.5569228397885515,2,5.927082512699581,1
661.6256779355043,696.4101864104047,0.950051694886609,7,7.049983288913104,0
1083.236438215315,669.3458614031089,1.6183508417376222,1,5.293899908000085,1
718.1977532625876,808.0272084711244,0.888828675239162,4,4.924272277627635,0
1042.5929763527802,975.7995766256756,1.0684499166909631,4,6.989499894055426,0
1145.311964516182,635.3970008207677,1.8025139606210552,7,6.604171300129119,1
1091.173694074706,898.9280440549524,1.213860999544032,5,6.933755828319241,0
1175.6787150848966,842.8136990746739,1.3949449520999428,9,5.481367528520412,0
510.94548471883576,769.3605922825478,0.6641170471221522,1,4.993578407670862,1
1070.8229999183839,882.7429375390468,1.2130632309601657,3,7.950877702656028,0
924.171982346708,970.5203514053396,0.9522437947936713,9,8.574798377718903,0
1095.0270044528595,779.7802696552814,1.404276367414297,1,4.317791751430118,1
727.628325418723,891.8424713352256,0.8158709063601235,8,5.373608964950321,0
768.048812327653,988.6848381556415,0.7768388698671888,3,7.803925243084487,0
1039.6770259681925,797.5182385457563,1.3036404381973803,9,7.553314448428937,0
807.535551306039,680.6876809341585,1.1863525283692482,7,6.376851115910559,0
894.2929003834686,878.2064345704509,1.0183174082764332,5,5.246461145744375,0
787.2680461249408,902.2204554172195,0.8725894446284523,4,8.714267852789906,0
986.3494531277931,952.1871356061031,1.0358777347899628,9,4.527471299151353,1
652.9083060517835,766.6039791481464,0.8516891691291479,7,8.480456499617466,0
577.0363471693737,691.1740650167767,0.8348640036940151,9,8.090073829612464,0
504.8664913718335,804.2989210310263,0.62771001945974,9,6.424149856794916,0
688.588633658965,697.6502088991097,0.9870112914400989,6,5.0938210978653515,0
890.6714014121388,761.5344684232164,1.1695746395515163,1,5.2695770696717235,0
672.8132439870208,878.5217091359153,0.7658470325665343,3,5.504391549083849,0
525.820863148173,843.8257335919587,0.6231391651329271,2,6.055185066591156,1
741.549873618678,853.7405378805455,0.8685892735743971,2,6.654672916585682,0
887.0251623499296,837.0786895517574,1.059667595677197,7,7.808098076643588,0
666.3462807946797,891.2865394447438,0.7476229599627995,8,6.351503172230192,0
779.1771097111871,926.5727492877536,0.8409238349715465,1,4.753587719827148,0
987.0689647536174,943.343521925488,1.0463515589091872,4,4.082939144639281,0
858.4651408094967,690.5983100791752,1.2430744881363465,7,4.871832145024957,1
770.7147424103762,974.6919954946939,0.7907264509946126,1,7.378450585196404,0
646.3501345163995,816.5791895310263,0.7915339293517977,3,5.142750108986498,1
1187.517840330605,806.6543565084057,1.4721520199441587,1,5.209261454502259,0
1128.0510305673288,960.1672228653322,1.1748485094096397,7,5.6951489552435035,1
1008.1689752091676,958.8441039810309,1.051442013381888,8,6.02254063561095,0
1121.4390691326719,940.371379507005,1.1925491285374854,1,4.808143570473069,0
1128.9879319689553,842.571623863836,1.339931110890824,3,5.861413832808715,1
1181.564685728722,713.5683898949862,1.6558534577219843,2,6.4280687679311335,1
1196.1202238275746,670.3701010709382,1.7842684539730118,4,5.186245437484001,1
1022.5439835826169,859.8531596188859,1.1892076828976714,7,7.604699621260647,0
715.6425542966724,817.0160922219598,0.8759222261466215,3,7.181663090929477,0
912.9095932923807,991.5571433100035,0.920682786112475,3,8.460232775885567,0
1056.3679124791538,801.0548372420768,1.318721095444708,1,4.976214938990222,1
696.540653708599,609.7263865725815,1.1423823358277494,1,4.218018858772169,0
1196.1853575581385,787.9778055963772,1.5180444792513053,5,8.417470111331294,1
1167.1502929167673,732.3001218682055,1.5938141454069337,5,6.861462345854191,1
552.7423792042897,722.2788077148728,0.7652756432838476,7,5.342374284450784,0
760.8808069658345,757.8765867237889,1.0039639966383345,6,7.480148983374865,0
899.0428190625555,638.8705975083074,1.4072377451223448,6,5.79323390648082,1
706.7034118932571,729.0203056954402,0.9693878296285668,8,7.48507870497634,0
991.7388587909766,743.7964604879021,1.3333471070034855,7,6.098904282231382,1
928.0595976059764,632.6376721600961,1.4669685958428356,7,6.507581473435998,1
954.9747515444355,880.7867509030814,1.084229242282866,3,5.689975784257679,0
762.9080668479608,637.5927759363476,1.1965444020716502,7,7.360130676475997,0
729.7068672323123,662.0166466910977,1.1022485172835834,6,6.954166302845054,0
521.3501749573346,614.9392754996858,0.8478075734123458,6,5.516327573366114,0
728.6558692572287,931.1476015150355,0.7825353016768339,5,6.286325808068643,0
636.0660237964112,764.5415620226714,0.8319574178722667,3,7.187149507491033,0
1183.096455623774,806.5201393204782,1.4669149571647087,3,7.975930973843518,1
807.2799944939452,631.3825525369064,1.2785909133064888,5,4.921668371656851,0
799.8201324580755,875.3999603061466,0.9136625185342262,1,4.866471600354229,1
675.1700287152167,819.6906658824482,0.8236888094710143,9,7.300986883588656,0
1168.405696464236,895.1587666783074,1.3052496830253633,5,7.058603731171761,1
673.4116926508102,742.3890714605046,0.9070872922819365,5,4.600823239028211,0
564.2593460694093,637.6627953074241,0.8848867304503375,4,4.876651349446693,1
1034.3550961027377,922.7651908203118,1.1209299032869084,4,4.866009349550076,0
803.6961544665811,759.4018937589494,1.0583278249259827,6,7.175468254338218,0
531.7128068404312,749.8450458505885,0.7090969124658035,3,6.515681292900439,0
961.0855421332615,665.1737708325719,1.44486386005616,8,8.719458022803785,1
1107.0392534885027,854.5614389784046,1.2954472352648227,4,6.877370889379395,1
950.3017529096472,783.3011561966066,1.2132010088226193,3,8.103197378719777,0
938.157769071101,928.1707375085073,1.0107599078046805,8,8.526753209780319,0
637.0537943525076,627.7445203500662,1.014829717664839,2,4.194815661551168,0
932.777719036525,734.6216859554906,1.2697388831141043,8,5.926983104827825,1
738.437198624968,704.2778112943613,1.0485027169432282,7,4.590824138108282,1
940.2599927459188,950.9888054108212,0.9887182555632003,4,6.089730158577893,0
1177.3063860641732,819.1887532992349,1.43716131517021,5,7.753073758204292,1
1193.3535994004715,765.0470707645707,1.5598433678176964,2,5.250082246080524,1
1106.9816250468054,824.7466768575094,1.3422080453414877,1,7.399223899501229,1
666.7653066827856,751.091554470518,0.8877284037001613,1,6.526261862239286,0
724.0347207214282,958.2092913984802,0.7556122939120319,1,4.267426483736845,0
1093.0002008669128,741.9620761850882,1.4731213844334752,4,6.86718944061643,1
813.9118653848238,717.2843086792258,1.1347130496741573,9,6.768515261729004,0
648.9095265169602,978.4778171526762,0.6631826650963392,9,4.56732301008724,0
1181.9737459740873,998.3724968121317,1.1839005478898972,5,7.685177783955044,0
882.1410391154923,882.3325935514779,0.9997828999660836,9,7.807553158587361,0
932.7526443213827,640.4490704491161,1.4564040879429931,7,6.130457375234705,1
777.6561213679763,956.7587635107107,0.8128027158219708,2,4.406743903209499,1
1190.6477049508228,749.7083183024481,1.588147918175413,1,8.401799843192084,1
1135.3855944439824,836.7554955285137,1.3568905140286496,4,5.881297927654579,0
1044.0028411492058,823.361699894322,1.2679759591479698,3,4.555987411530757,1
507.9475513371934,787.4642567976505,0.645042040895727,4,4.594089581340359,1
954.4472114812445,898.4179517061693,1.0623643591144534,9,5.87435289761852,0
1108.0193897326221,689.4383354077811,1.6071334198108718,6,8.010546245133671,1
889.2035270498092,729.0745553110335,1.2196331919311907,6,8.62321665111798,0
1143.3810006950616,701.1960671956964,1.6306152504074956,3,8.846512678095495,1
940.5790466946837,878.2994755938469,1.070909265952513,1,7.137790400420317,0
909.0200183461702,960.4632041963955,0.9464391913969604,9,8.576271708345532,0
540.5047284303952,757.8087194432519,0.7132469112093274,8,7.100662989007684,0
631.684811806633,785.4793619759929,0.8042029394859385,2,5.329689624821195,0
681.9649039979839,781.2963387315324,0.8728633044731564,1,5.398817535844729,0
921.947317416309,708.383057006052,1.3014813218611925,3,8.112686214615845,1
1008.0036558718521,845.366078374316,1.1923871582478172,2,4.413742100176531,0
1113.663040148055,820.635149017628,1.3570745068392536,5,4.13183487248626,1
1067.3873315472829,994.9104517259777,1.0728476414089045,1,5.883694849689704,0
1024.7048099832505,757.1957795915437,1.353289119672603,1,8.19164352355569,1
790.3736516363656,709.3628287722825,1.1142022383725565,7,8.323611881275266,0
1069.0307063910543,999.8870693144522,1.0691514463968503,6,8.565828761288214,0
909.6046726278304,890.4483376287392,1.0215131346643922,3,5.236740508715988,0
815.3808947170655,651.6637660605979,1.2512294486559554,3,5.373658985129544,1
1114.7544672354347,902.7996528688915,1.2347750286489358,2,5.790813590164202,0
579.4903145397403,868.6292782371198,0.6671319158338918,2,6.38105348394507,0
715.4440678397345,926.5542940852249,0.7721555794483509,5,4.442041116828233,0
912.9691279963453,792.01838680739,1.1527120369976576,7,7.775686278368095,0
934.2166859474253,881.6319072396894,1.0596448226021833,3,8.515755293383132,0
932.0845984681044,992.1850900369511,0.9394261290838302,2,6.949588434273165,0
806.2324454166103,961.6634777974994,0.8383727406006172,4,6.737231534495558,0
1137.3298948822912,719.1837806167802,1.581417609149784,3,7.4882093574673165,1
821.5427655623207,936.8365660074838,0.8769328561367852,1,5.291221941494792,0
1186.0228026998338,797.0472375971478,1.4880207179129403,3,6.6863170835703505,1
909.3362741644075,760.1201955641126,1.1963058993447167,8,4.900336361746493,1
788.1628500502698,949.7270419417669,0.8298835510030644,2,7.009676977704801,0
1075.2534457911145,738.0330511289546,1.456917741212701,6,4.443512668785278,0
822.545137622908,682.533487362317,1.2051352099977872,2,4.64374199149822,0
731.0696593171087,728.6331058720116,1.00334400595507,9,6.405726970281465,0
981.4493019672582,804.6628054189046,1.2197025826940258,1,5.384388240736019,0
1064.340895855143,899.3038761534633,1.1835164109461889,4,5.046746616683551,0
759.3304719539674,793.8091940764085,0.9565654789844594,7,6.65632876986767,0
1004.3612429740253,624.9365450044966,1.6071411585744257,8,4.665584642937391,1
1091.10847084354,899.846492803435,1.2125495621416895,2,6.237061834117274,0
872.8320865185162,696.9882014538919,1.252291049831002,9,7.687026030469095,0
894.7755644131855,936.2839943511724,0.9556668380657821,6,5.637486760889573,0
583.8334922734758,956.210912295958,0.6105697861904057,4,6.369849707152781,0
954.1759882041032,791.8328407017001,1.2050219934784963,4,6.685532709092739,0
910.7887826146155,898.175789673732,1.0140429001604077,1,6.822292712613207,0
765.1408381659026,734.9787335487672,1.0410380644233077,4,7.229586206658006,0
899.5448132682384,742.4386903591385,1.2116082108181934,6,7.028874096784436,0
666.0587542151961,640.7129890481615,1.0395586878996914,6,5.826784098370288,0
841.4668605661166,940.3270071344584,0.8948662052474626,8,8.483827123132127,1
867.1579726991783,764.1587307958646,1.1347877577686523,4,8.986277673841972,0
1127.6271840818144,830.399367122264,1.3579335783811934,4,4.026500031988027,1
843.5241454811492,889.1584386487102,0.9486769835565939,9,7.592286354182768,0
833.6336388884883,935.43302348105,0.8911740530457937,5,4.935218742787617,0
797.8055070314917,803.044151473782,0.9934765175330945,1,6.649200115905583,0
995.0610669511111,907.1118005771355,1.096955266504106,6,6.906191107113061,0
608.0539006919416,792.4560407419269,0.7673030041169967,3,4.259117684112135,0
594.090273857282,625.3499881891071,0.950012449152918,2,5.611769224873615,0
1066.9121120982445,701.8562619055056,1.5201290777140466,5,4.013554497071649,0
831.2163407363246,842.4407524223354,0.9866763191907129,3,5.744341332714976,0
1150.670400973478,932.2477631150916,1.2342967679842218,2,4.6214861174277235,0
1011.607232642551,975.3361827284151,1.0371882542208892,3,4.3324813368338875,0
1018.7844545030414,829.7892452719648,1.2277629052291863,8,8.13970443588746,0
1025.3513473357193,919.8148523678062,1.1147366719467933,3,4.8213289896549645,0
1070.2023041619675,866.07888827848,1.235686862531919,4,5.580982911482473,0
911.8146730565397,873.192825366853,1.044230605849814,8,6.195674542851092,0
763.8611005974353,785.0719142678425,0.9729823303000358,6,6.698905309573165,0
807.1212727718373,830.9945083624502,0.971271488138162,1,8.497872866372841,0
768.723854961248,817.4211444455955,0.9404257036715441,8,5.145126954623982,0
802.0697001955098,733.1263143649937,1.0940402553825015,3,5.674528073285431,0
597.490450864371,917.6100757081184,0.6511376309848041,1,6.667305459881607,0
1052.0180478571715,660.6699518931005,1.5923503783435167,1,7.534902306217296,1
600.1895898839288,681.8178372677853,0.8802785100035497,2,7.812293428703453,0
739.4572241011352,928.5029218688051,0.7963973043970868,4,6.285001096408392,0
851.6018432237711,815.9442548451347,1.0437010104144973,4,7.611262841965331,0
1004.025575582252,856.4590531541189,1.172298397552905,3,6.827541736614869,0
1001.3253523130666,839.6117459109306,1.1926052216273915,4,4.9079885840071285,0
1135.9153929335398,833.3567179064482,1.3630602220225414,8,6.117984312102415,1
930.4651842068581,964.740963537186,0.9644715207233898,8,6.52944339442233,0
928.0179648042536,607.2440735283362,1.528245404540698,4,8.593752611303731,1
516.1158233513463,860.5468843952984,0.5997532879501598,1,6.881441800834066,0
796.8914699116702,894.5776942498892,0.8908018554831846,8,8.202198159902114,0
585.9675472920137,694.3624138380325,0.8438929521733833,4,4.623313406016334,0
1108.9274534434899,807.5352228504289,1.3732248725067495,8,7.039471968971293,1
1020.9747562903021,682.231923350255,1.496521522001746,9,4.023160115023014,1
778.7180855136603,814.9582411751692,0.9555312728548513,6,5.7317299718298065,0
742.8672413273594,895.0004992438994,0.8300188010564654,1,6.935341120682836,1
1138.9246240153902,699.2905771028608,1.6286857871500569,9,6.4918388636973985,1
1140.39213074767,744.9575596466532,1.530814898084367,6,5.100486070405485,1
860.6215776847689,990.2165262731025,0.8691246357237717,9,4.7433136387655646,0
559.7447676550507,998.7497007383789,0.5604454922401775,1,5.497979558832386,0
778.1226808203185,770.7155621346998,1.0096107034158006,8,8.490271447203568,0
643.597748337405,676.2750882654666,0.9516804027014014,8,6.937268021170372,0
705.83127545468,885.6236799159312,0.7969878080966419,2,6.6219513466379,0
780.5341426127281,823.8561325232872,0.9474155884743207,4,4.909640652476355,0
1162.2808234935428,749.3237265119012,1.5511063941668513,3,7.219997716195079,1
517.7704489622414,662.4610389464762,0.7815862647343927,2,8.334968800057617,0
886.2058166815378,701.5554256173217,1.263201429739833,7,7.359463717993642,0
572.8760073892017,919.9664341492758,0.6227140318646078,3,8.437302412567515,0
1004.5691674173546,922.125986943162,1.0894055493951438,8,7.611334659278295,0
1098.9875276744,932.0879458267966,1.1790599080214017,4,8.722048627886366,0
598.7572941443995,762.5569233094088,0.785196850021192,7,8.4816790926056,1
559.8559715981277,683.1545020584109,0.8195158926878578,3,4.613884448313542,0
950.0478945299773,881.5784540554038,1.0776668714617548,1,8.087217808692206,0
739.2721461885131,703.769373372517,1.050446601058901,2,5.815296060975452,0
523.9596775743704,932.2618026260999,0.5620306185434412,5,6.047058260956202,0
805.2885703947217,717.786303816767,1.1219057344960037,4,8.87273632599435,0
1045.8311423516216,645.6951703681588,1.6196979478030098,8,8.926836561208674,1
627.4749971751082,793.9113468601385,0.7903590239095664,1,5.34338679692473,0
943.4347538783031,703.1550741732809,1.3417164840736244,6,7.225270838846647,1
592.5933477877313,960.2289204945542,0.6171375753633033,2,5.361536632596845,1
1140.0091645923494,647.1004331560564,1.7617190565493284,4,6.490453767555029,0
783.6736616193821,798.9859575919562,0.9808353378090355,7,4.532893650643372,0
684.5786618442315,706.5993573483529,0.9688356700652005,8,5.253653302807988,1
845.99169509679,829.3177512717602,1.0201056154887076,1,6.093852624460366,0
768.1969697746482,807.567082113135,0.9512484928986106,2,4.8314168437803975,0
1016.6235314984593,633.1194671700506,1.6057372805840493,4,7.854929627677393,0
1085.9552934921205,774.8773585428974,1.4014544127785376,4,7.595229525921227,1
896.483248207828,790.4201608796399,1.1341857060049594,8,8.68414869662379,0
1012.8004680471752,685.9761514363026,1.4764368497746825,4,6.699213894540967,0
1089.0707622170303,938.5631397258229,1.1603596136698637,2,7.1166627545249534,0
831.9661160902588,737.7534928176933,1.1277020362353558,8,7.6409437810180165,0
846.8439213443389,875.3609585710944,0.9674225392993244,9,5.2320101661955345,1
1059.5911152782855,877.8785883417706,1.2069904988567413,6,6.9511533343454355,0
752.6817278580188,636.6328293306536,1.1822854448919595,1,4.684093154594807,0
1165.1661476745617,778.4023091831823,1.4968688221097786,8,7.791962069728408,1
1031.3250918771948,889.6413317092554,1.1592594173830981,6,8.902884000899942,0
1132.3546688452175,858.6659676468653,1.3187371009338864,9,8.720296698433067,0
993.9026207609819,970.0993269662663,1.0245369655797558,7,6.779032907185899,0
831.2470826569333,725.1419426022351,1.1463232697227947,5,7.655118357291408,0
634.8193194499413,646.1128084989138,0.9825208711227841,7,7.976709189795487,0
1021.5451836841543,621.9530458585899,1.6424795898763351,3,5.595502366216278,1
525.9053443008448,838.5079513928213,0.6271918392989342,3,6.80338597001757,0
1119.4988495662967,812.1060530539601,1.3785131207388157,7,6.022427248409254,1
1062.7838855806283,815.360596152315,1.3034525958157694,6,5.59376251466035,1
1120.1844237653308,846.3452752729219,1.3235548853322348,2,4.12200390778269,1
514.888587595271,949.8806690736798,0.5420560754198614,2,8.695338492564481,0
1198.5538773733363,740.2847261806841,1.619044450041511,1,6.00965456804621,1
939.253824252859,949.4708456745354,0.9892392468202454,9,7.841367069322591,0
792.4367475171337,768.5428009108281,1.0310899361466765,5,7.661359035923226,0
502.34245343008547,786.924306615061,0.6383618465045277,8,5.436194958270409,0
663.525425734937,616.8372758545447,1.0756895727738116,1,8.551695510287672,0
531.5704740542262,643.787039471646,0.8256930342842633,9,7.39823641346535,0
1164.9728287651578,914.5380057662207,1.2738375238863004,6,8.911652575400408,1
920.5589125095387,961.4895868701083,0.9574299348432787,2,4.835169730460376,0
1193.8180382958835,692.6686805533774,1.7235051501709804,4,8.189128676416228,1
1081.4497624254373,648.1355048139984,1.6685550388661259,2,5.920453057456248,0
1170.0891840883278,930.4822783175864,1.2575082958097568,5,4.289213382816982,1
1118.650119474398,971.1009132780852,1.1519401374036815,1,4.869476246097436,0
777.3694132318611,903.2953902816365,0.8605926938135783,1,4.769479531699275,0
657.1084002856625,689.5270459290492,0.9529842290671764,9,6.964699674208516,0
906.0603454864679,636.594734959102,1.4232922387343931,9,5.955848830401899,1
833.6737798312579,617.7506654132947,1.349531172537878,2,8.310638086327252,1
958.6693864473152,820.3429482436557,1.1686202563206216,2,6.042266065353493,0
760.8819619086198,703.9015135041304,1.080949461410918,5,4.243917908365866,0
872.8217635805335,984.8487890368199,0.886249516978288,5,8.957376675725241,1
1118.0343883962228,806.4316081774466,1.386397032381959,3,8.123404829625745,1
974.6113067913445,826.2927855983164,1.179498748843161,1,8.39314993177579,0
1058.1982151248496,863.3807338633702,1.2256449253734556,1,4.78670329851263,0
612.2800737310505,733.6035514980952,0.8346198331247314,9,8.650451752548694,1
989.2935166277114,675.6886159140024,1.4641263643157527,5,8.404353795994641,1
520.4730981241914,930.3267002259051,0.5594519624104182,5,7.717541281458039,1
1072.5769168833435,932.8536711830968,1.1497804532655609,7,4.965664322936465,0
728.5035035523051,823.9377249235317,0.884173016376834,8,5.299017905320799,0
877.9897658010989,911.9381580604575,0.9627733613740199,6,5.416714741327908,0
512.8994031167522,772.896313557005,0.6636069989211085,2,5.709360830193431,0
1152.4196738570122,641.0038911962718,1.79783569130339,4,4.868767376537834,1
1163.1085217794366,666.5510347729089,1.744965443157256,6,7.542860023013147,1
540.5443223911589,629.8777671031417,0.858173364138832,2,8.357684030761881,0
1178.214498699984,899.8607326971699,1.3093298283707737,3,6.9719792961427265,1
545.938301201809,928.6051789629764,0.5879121865457264,3,5.262543748441911,1
611.2567982937296,787.4157667074337,0.7762821423422724,4,6.130906511179864,0
614.5366748341685,917.9238194999717,0.6694854864632777,4,8.19973582336236,0
661.0375781220038,652.5340505637512,1.0130315460946537,3,8.75431781125205,0
605.7405242466301,772.9339204170408,0.7836899225742343,5,8.547622554739092,0
1175.164330589146,904.0376313752388,1.2999064306664583,5,8.91988823979914,1
1125.8694425753943,691.9818423564345,1.6270216552813355,3,4.1556704144225565,1
757.9684406066328,945.7432999358548,0.8014526147402178,8,4.796228691396323,0
563.8151432843342,661.4632152644451,0.8523756578949407,2,7.8051199547149945,0
591.8714143776713,613.0104717965007,0.9655159929701055,3,4.927294373383272,0
823.4681035359624,600.4927340665704,1.371320678535759,7,4.625928961012752,1
801.2141264296239,680.2098906801347,1.1778924967240603,9,4.804127345390951,1
728.1478247664525,836.105575554249,0.8708802405530761,8,5.551809794617869,0
508.13437793567044,628.9787551178235,0.8078720843925549,2,6.399694173585617,0
704.1638050965123,877.992754450617,0.802015508131529,1,8.763243190193585,0
1006.9997156884883,899.6646556405133,1.1193056316873515,9,5.210225079312638,1
599.7468800310593,799.5552613805424,0.7501005984195683,6,5.051747899594343,0
1043.0633150550693,976.4950016929546,1.0681706647209712,1,6.588558216923557,0
561.5065494013834,740.2507724836723,0.7585355804728573,1,8.122570234484169,0
725.4662915535348,990.9865545259142,0.7320647169633863,2,8.107203640049331,1
969.2698208480886,980.6199897421308,0.9884255175167019,3,8.481106513425193,0
916.3436461638553,846.6418327449896,1.0823273912569118,9,7.545302597254582,0
1109.67838662226,885.6347728529711,1.2529751773945799,4,5.69725096271403,1
556.0803924692726,957.926662424211,0.5805041390767933,4,6.98737931315965,0
836.6326820142895,616.3016424369891,1.3575051961667084,2,4.301760419952819,1
611.6812760792318,948.7134266368807,0.6447482020441061,3,8.879326279095658,0
627.4825409820895,915.8794028569916,0.6851148077189226,7,4.2183082885368055,1
514.6027975040766,861.305207694932,0.5974685778125994,5,8.98166958028371,0
955.2279804428558,679.816980371658,1.4051252146138358,3,5.102805624611616,1
642.5047962395699,936.1809625107734,0.6863040608264624,1,8.341362527041902,0
1019.8945648399867,770.1973337792301,1.3241990332990818,4,7.676751493328763,1
853.3914173251125,817.3202093453153,1.0441335079780918,3,6.893377042861967,0
807.0307934327134,890.1030641660545,0.906671177667305,4,8.367116190408304,0
795.2046488114188,710.7311188940206,1.1188544129724456,3,5.419272643043225,0
751.405720766362,753.5388607471185,0.997169170573842,2,7.157801100462603,0
1013.1791156906967,652.627074050904,1.5524625869439033,8,6.026550915428717,1
942.7783732584143,749.1394548755738,1.2584818048530126,2,4.904884763547448,1
844.5944995136243,698.8924297612708,1.2084756731477586,8,6.897074496717504,0
963.8348953058243,638.1046031818505,1.5104653539556827,1,5.955407683258803,1
680.6934028907892,862.6946658165168,0.7890316584333249,1,7.867365628433003,1
1178.8747315549813,781.5158165534557,1.508446414755761,3,6.210121868914287,1
814.1443016819821,867.7561605837445,0.938217829688818,9,6.1544376183090295,0
932.001490622821,882.7108867541783,1.0558400316664152,6,4.838096081441588,0
525.6699988534801,894.5608060262562,0.5876291419345409,5,6.667559626498478,0
993.7699158785425,778.5474586050342,1.2764410247502884,6,5.029206050183841,0
688.8247280618928,622.834742435726,1.1059510350500024,5,8.683028461474807,0
527.5404784679567,648.8439656040107,0.8130467515049906,6,4.900052187363618,1
572.316269986811,833.8682801770356,0.6863389381657552,4,8.933150614794235,0
503.4579866540867,980.7247141692956,0.513353012706049,2,8.865488740351733,0
677.9572059282452,808.6920186544853,0.8383379460777185,7,7.334321287730521,1
520.9815129108746,723.1719766364763,0.7204116444528122,2,5.009267260614742,0
1178.9384322750893,637.5602863157674,1.849140320655404,8,4.78081922396087,1
1174.3427829742793,702.1226098913728,1.6725608411271145,1,8.190576448240552,1
978.2736198027521,798.8699056033709,1.2245718770240583,1,8.154385956708527,0
1105.2261851685257,907.4077458095164,1.2180039130948035,8,7.977551858482016,0
1143.074457895453,840.2438170184944,1.3604080562609997,5,7.334857584954536,1
744.0015670693793,663.7149780971221,1.1209654620156981,6,5.590557768090598,0
1106.5070672693519,997.3347749434514,1.1094640386244332,9,4.452408476435254,0
576.3767422360248,860.2046591166863,0.6700460595364429,6,5.635165807816193,0
1065.492159358881,904.9140539106463,1.1774512228584424,9,5.585978583826993,1
762.9705763172085,718.7477098241123,1.0615276624727168,7,4.028793302490608,1
756.5230744099786,758.4690766437021,0.997434302473695,5,5.902098521163989,0
883.9498051560338,838.5941899941686,1.0540852962052845,1,6.222097263756008,0
510.2669399323847,834.8246830804603,0.611226464998047,8,7.341063992775082,0
824.4458306604006,751.9143120716919,1.0964624790674193,8,6.59540892568109,0
835.4273143408117,610.2568263225743,1.3689765985496982,9,5.900978093929285,1
906.1206584591325,813.4410186907514,1.1139352917284042,7,8.064928693580468,0
1002.6861533585461,982.2094783819739,1.0208475640148618,5,4.978889928417731,0
505.29401248469946,858.9898856618412,0.5882420979792755,9,7.273465407156741,0
638.0078886010142,791.67329177744,0.8058979571845589,3,4.5071041422460825,0
679.7435974043556,713.9491607847691,0.9520896371069125,3,6.904660266313988,0
562.7384374084595,887.0543143634518,0.6343900574028315,2,5.363120003667669,0
585.3202653358633,672.4597398138721,0.8704168155819589,7,6.625816918335301,0
574.8138461663207,826.9248878515614,0.6951221986554886,8,8.8146343761879,0
1064.1947848426107,820.0906168625047,1.2976551163504315,8,6.632495970768905,0
501.80881039148767,855.194082317319,0.5867776926516336,5,8.42103231674204,0
648.4313879357587,844.3923955403967,0.7679266077719397,9,8.199306514333601,0
747.3949655119027,694.7482235897928,1.0757781598203764,5,5.510302509173975,0
1012.3706473099442,940.4697043411084,1.0764521628256059,7,7.337749496457352,0
566.8747196842677,849.5437298706292,0.6672696175046726,1,6.11972406456651,1
664.6649093613894,947.7038498604211,0.7013424177387081,1,5.083699000453878,1
516.5470102324355,856.7886001773064,0.6028873518223045,7,6.73348706357035,0
773.6341971338602,837.7905340744692,0.9234219839789856,9,8.938927601074436,1
986.6011878333156,761.7275072417169,1.29521538667533,6,6.228954572886145,1
511.0747642359077,736.4360097896882,0.6939839408204125,3,7.016097051066861,0
1133.8673546307718,909.049090979753,1.2473114663243485,4,4.428291247982153,0
1125.9336122648829,676.7469298874971,1.6637439529309115,8,5.834780396024003,1
932.0090483769527,776.9639745922677,1.1995524617033229,2,7.348013080669809,0
548.9521239966039,856.0672895312664,0.6412488021790655,8,8.40039543780729,0
873.0704505859347,729.7335012461502,1.1964236931633412,3,4.951624314095339,0
536.6372130505558,751.3905693943476,0.7141921058220201,6,6.788917086850125,0
825.6439285986028,624.0569370403141,1.323026601569956,4,8.808328679774066,1
1028.3864739585933,668.191175269567,1.5390602450619217,9,8.109032219505433,0
710.5971758472785,992.4945497377216,0.7159708595226666,3,8.635889097397264,0
779.5211410665157,660.9664053321669,1.1793657510849882,5,7.6859011250362155,0
1038.0198633519558,697.4626864255466,1.4882801382131907,5,4.464645721896949,1
1051.5313918045854,945.8744768134161,1.1117028924885677,5,8.130338151262642,0
1047.4196613692702,883.4978790971905,1.1855372674347384,4,5.515641779726643,0
684.17879893759,744.0545629886076,0.9195277241355561,5,5.731608842945018,0
856.8069727261886,930.1144432931587,0.9211844616589137,7,8.711935095511166,0
613.2349479464767,914.5103827028378,0.6705609466500088,6,6.832876810857092,0
850.8070994274068,758.8715109716844,1.121147766290508,6,8.087248542455958,0
766.4363054336061,951.1897281780277,0.8057659610156739,6,4.706390246377529,0
1073.114502851989,729.0111911385661,1.4720137576708583,3,4.867622574932543,1
742.2698085764498,990.244080343966,0.7495826769483125,9,6.875816752483125,0
719.6093838358672,842.5483777733502,0.8540867240616132,1,7.031264688754887,0
622.3870390822888,801.0264305853769,0.7769868949610795,9,8.12600383707784,0
585.2333377876923,791.2936092192289,0.7395906285217485,4,4.675831445774114,0
884.6706751265119,986.328864461288,0.8969327645193678,4,6.197558443164551,1
948.5784202831444,686.4152730038398,1.3819308188351427,2,7.251005461990767,0
542.9447389774678,912.304634427376,0.5951353511628893,9,4.290818977527379,0
540.4463926974566,878.0140915434213,0.6155327094436838,9,6.151685887544605,1
552.2408700359572,913.0784162976597,0.6048120951924123,3,4.888831939256241,0
932.6361720010302,853.2758504053857,1.0930066420582991,8,8.069851347530093,0
930.6536067617076,722.5014483146447,1.2880992957628148,4,7.278618362808281,1
1007.0222287736628,916.8374535042174,1.098365064521255,3,5.838796754386448,0
789.8908267702489,931.0151582267497,0.8484188681467957,5,5.9353938016781544,0
674.0061804004595,653.5214945117955,1.0313450836134577,5,4.0959613841152835,0
681.8692461215239,904.115929248854,0.754183422791838,8,6.6765506572629585,0
508.48454225072527,696.4805830398166,0.7300771258136511,5,4.994281388876479,1
529.8432465009229,748.5634270600563,0.7078134294936831,1,6.739797444868465,0
1091.0499579177313,639.2330323136978,1.7068109793523756,4,8.32330196070209,1
956.1974535376778,924.2743711945066,1.0345385345932667,4,8.297826158234729,0
774.6756050699321,982.4888762595793,0.788482825392578,1,8.77667343251964,0
720.7848270236088,875.2538824346168,0.8235151439930378,1,8.204357897129613,1
1131.2333944947964,784.5909858498936,1.4418128870922584,7,7.296769611028914,1
945.6687775170451,845.5734339040247,1.1183756958291355,7,6.59204010972602,0
605.1183005719291,894.9735074885942,0.6761298468710717,1,6.216365437218091,1
526.6152937662184,898.4829029927355,0.5861160986059144,1,4.360421679993367,1
508.47593266442124,982.6005593197921,0.5174797916015996,5,5.937976157413848,0
1194.1118862091917,988.2999830682681,1.2082484131002023,3,7.306853055352072,0
629.6368975072276,669.6437341336338,0.9402565355469712,5,6.748080218594622,0
548.0989827627874,769.7187543539553,0.7120769497461718,1,5.477223887387101,0
937.2644981979847,752.7758558611583,1.2450777889598699,2,4.052138496987015,0
678.7894392796536,704.2853199679666,0.9637989321011651,9,7.2195212677056535,0
871.2114932744108,616.7804893726545,1.4125146762676386,2,5.6110775172231415,0
832.0352769343497,645.5826538857268,1.2888129380899171,5,8.60148590609704,1
931.5498088265584,662.6553747895233,1.4057832234778795,1,8.640418201630249,1
760.5169166862593,772.8307531776784,0.9840665806312859,9,4.818419007326508,0
1149.822272994004,870.3929102345421,1.3210381880111648,3,8.434624501046347,1
700.1347524674121,926.3787755874469,0.7557758995756719,7,8.39634329998919,0
880.8116054279261,854.42830549193,1.0308783074792989,5,8.89198639400298,0
1023.7343341852983,823.125290204428,1.243716292486953,7,7.280809188405358,0
624.2001386287948,818.0107675587753,0.7630708095586834,9,8.686940332485594,1
615.370371010606,652.6915093818247,0.9428196355632599,4,8.088926649284726,0
854.0968850662803,936.28121120448,0.9122226045394272,6,6.711186027459242,0
855.852382841396,719.0193805275283,1.1903050265675403,3,4.757846857938368,0
565.6298444518897,830.8691133150201,0.6807688905357513,9,7.80560768521579,1
823.0902320938529,603.7326479308373,1.3633356336034106,1,7.70856030756465,1
694.5314680742075,677.5815469071099,1.0250153228706822,2,5.020178173144494,0
888.5594645116004,893.2285184118699,0.9947728338224456,7,7.074891201705662,0
981.5188769159406,750.1039617770665,1.3085104557915286,9,6.771132570660083,0
1032.6935320196658,614.1245419760957,1.6815702051195058,1,4.055158071312329,1
1031.0734730777035,871.3515291420567,1.1833036823759417,3,8.209851857483542,0
829.2233378712499,800.8200853953789,1.035467707408772,4,5.926879415236809,0
950.355625938249,912.1599104589097,1.0418739247815911,6,6.9652216709339205,0
774.0679887244805,765.0487363394495,1.0117891213417143,8,4.891862921536649,0
616.8195824984097,672.5277119702021,0.9171660461267941,4,6.011635623432779,0
857.0767987491777,889.3619062449145,0.9636985716736488,5,6.899918937140656,0
893.0392115716666,824.2640377664684,1.0834382802767426,8,7.382339686131811,0
1063.4922997765389,707.9282880512858,1.5022599290445282,3,6.491278411317268,0
540.9856504707855,733.6953274784244,0.7373437313960461,6,5.049209974282047,0
864.2076038430578,749.3850384576693,1.1532223883488628,7,7.677528032437688,0
665.1003194005809,748.5688007492183,0.8884959121124251,1,6.991126470318694,0
1198.8432579750647,973.2453325374231,1.2317996479361148,1,6.10624026647036,0
945.3241552957629,914.2606472320928,1.0339766434853281,6,8.955632159106518,0
1023.0537114194263,895.9945546742447,1.1418079564014498,5,4.9223812656681964,0
753.5648091566019,733.8045154967729,1.0269285528264318,1,6.92905072985951,0
910.535364532095,879.0682510080301,1.0357959845415659,3,8.703396225576704,0
681.5077312060416,771.862725095574,0.8829390370180858,3,5.88457082368186,0
836.6342005271488,774.0721597021427,1.0808219751102786,5,7.530095038320123,0
941.8194521696944,619.9368111131766,1.5192184675701639,7,6.482305761776499,1
1010.6557600566778,906.2051595964439,1.1152615380238493,6,5.126118511342449,0
591.9445857014347,759.5344118814918,0.7793518982702712,4,7.284775781335698,0
548.2706114494948,622.8218884605017,0.8803008076750746,6,5.30852841867953,0
1134.3782063647257,699.8184799398025,1.6209606331949156,6,6.144434394305193,1
687.6973140668593,662.5527217613792,1.0379510814454642,4,4.1680680009164135,0
543.8572424187481,962.5749813377644,0.5650024704183646,9,5.729602237508471,0
1040.3004083271348,634.5698443050186,1.6393788921162378,2,7.662243659190449,1
589.5917459735105,952.854245712824,0.6187638336358996,5,4.261289396430119,0
682.1104536734358,892.3283859922919,0.7644164013844652,5,5.282650312221239,0
638.6683429318181,826.132101828644,0.7730825875403283,3,5.543493716865976,0
1177.1493244517926,673.2061776938908,1.7485717800216718,1,4.756234143674673,1
675.6766629382087,940.2464231364552,0.7186165736045025,7,6.725527641303499,0
659.1866471029653,761.5911505306193,0.8655387429905057,9,7.958499942266759,0
929.0301126033644,690.4588206359763,1.3455257356950585,2,6.423481435650235,0
1161.9887029001975,939.9901485922647,1.2361711499215169,2,4.487812551196499,0
1103.3908358829906,784.0649057953758,1.4072697652035353,7,6.727159347034528,0
858.7518541392321,922.5614468931358,0.9308343168156528,3,4.259782887771342,0
640.9546474951821,703.4483339552155,0.9111609432512894,4,6.724238795422578,0
1027.8753762213148,607.1782714273967,1.6928724636422088,8,8.389150390760204,1
1109.4048975322048,695.5184845526157,1.5950760794600833,9,6.800911291874559,1
890.5865171478479,821.00544591309,1.0847510471229243,8,6.319656884061664,0
1136.454144103092,815.4807191810858,1.393600262240818,4,7.991720941121642,1
816.1877734621779,758.9525561941266,1.0754134323692977,3,6.205360791253918,0
636.9264911311606,674.6893183092166,0.9440293092638693,8,5.435689790422877,0
904.3153561168103,853.8329670201215,1.0591244318814164,7,7.213373288362118,0
637.0885688108432,958.7831721694138,0.6644761686516873,2,4.7897741141767405,0
1055.282945306778,726.7046708270107,1.4521482903169396,3,5.815503683170052,1
618.1979446743803,802.8204415461764,0.7700326407780226,1,4.166918008931906,0
1012.844664290583,928.1510029795893,1.0912498731770008,5,6.2016170918417455,0
930.7086175488614,633.3856339957533,1.469418577869263,9,8.018017677207677,1
1176.9886306814192,767.1043917100399,1.5343265446019148,7,4.612169491794705,1
726.1078388703497,998.8312628326646,0.7269574610741789,7,4.649132244758588,0
565.1213405220191,611.7456636409569,0.9237847918014792,4,8.45129026508901,1
1012.0475432382536,674.964777639033,1.4994079347048395,9,8.09531756930828,1
997.169959036318,725.7400452734994,1.3740043222508531,2,8.108184488552357,1
750.4587857278093,797.68497890012,0.9407959352106291,3,8.399109569758476,0
671.0379585505264,645.1772833644694,1.0400830529109746,1,5.199370563779723,0
599.3803928326957,739.1765646328666,0.8108758062837061,2,7.744131684816532,0
934.6499972349018,740.9499786438618,1.261421181151207,5,8.030979405018954,1
677.7824122004173,612.446239966943,1.106680665125809,2,5.625520077158495,0
980.4290376802683,627.8564592649623,1.561549655518502,7,4.835660057356106,1
1194.219832017487,629.0683486440065,1.8983944027571846,3,7.470752867549155,1
713.7174736877118,685.0577505484384,1.041835484842452,3,7.815776456294447,0
785.8144399316158,903.6994932243372,0.8695528168638054,4,8.35602241131526,0
1051.9131402773091,865.9939613903981,1.214688770564183,2,7.253842737793737,0
1111.9587068968463,600.0753598226328,1.853031771252053,2,6.235277719032127,1
1105.194526665869,818.6592880751155,1.3500054818463902,3,6.06380564633013,1
835.3490441723459,607.200035578086,1.3757394519535067,8,7.699520603834651,1
696.0261306853427,943.3366707196483,0.7378342772939819,3,8.863881614460428,0
989.5207625883426,935.7843638003068,1.0574239118185382,7,7.106722486267648,0
891.4293647805285,851.2952441853125,1.0471447724738838,9,5.40760599207465,1
578.8062732883559,881.4743909843182,0.6566342473568845,4,4.482672350977204,0
508.68282539412036,787.5071861858023,0.6459405505337231,9,8.122674040435161,1
658.4460460390402,892.0984588360584,0.7380867431360997,9,4.240714179891767,0
1096.5847120738272,867.1218732905627,1.2646258223339433,6,8.461512490698262,0
555.2784135335801,695.8040679638152,0.798038469591783,1,5.426451691786582,0
687.4436728418339,915.6643386354926,0.750759469202711,5,6.607228445217947,1
1081.961460069997,839.5914032708843,1.2886762011317485,1,7.6878287454641345,1
522.8519742819681,947.4206025281155,0.5518689090006906,2,8.394894501411336,0
862.212446228529,772.170964128396,1.1166082205665027,6,6.172979804293559,0
1041.7157590111094,840.7693724060526,1.2390029813169847,4,6.216900071895939,0
924.9627051031277,852.5230212367956,1.0849709416189612,4,7.944011319526798,0
947.7238928243773,870.5705449353569,1.088623889629472,4,5.922556638224062,0
841.3669480348851,860.889703818189,0.9773225818630225,2,5.357843823755199,0
831.0279929676334,993.5361251421751,0.8364346015588645,8,7.170520156881657,1
678.0741065892929,744.7412372820554,0.9104828263088194,6,4.228243727511918,1
693.7700154539141,988.6130763604203,0.7017609133879038,1,7.112598478648726,0
813.2276989257205,789.7153681725042,1.0297731710700104,1,6.582863142229895,0
503.8540594122946,603.0656130596901,0.8354879610129988,8,4.183606812504106,1
737.2024545371262,921.0342718319251,0.8004071912230151,1,5.092549171770651,0
531.0714405195981,711.1288291126938,0.7468006059917989,8,4.435463833978858,0
579.686875433621,738.0892571206768,0.7853885825340536,7,6.873897771322076,1
972.7941452829625,617.9414272094275,1.574249762920121,1,5.949361764707721,1
1117.5809892663933,868.3772018970031,1.286976427783911,1,8.118951921106474,1
1074.8387977851585,600.6260420765892,1.7895307936849327,7,7.587860623657972,1
528.391116281277,948.6390909152922,0.5569990962226321,2,4.5724381903295255,0
819.3655562688793,747.6212087043666,1.095963499602755,3,6.981607594301842,0
884.7085597055005,960.1285072297086,0.9214480697570164,3,5.773856459179921,0
968.0008527060398,871.4679826690259,1.1107704149283428,2,8.440195321800589,0
919.0846816233682,800.8614439847947,1.1476200890010857,3,8.566434737881185,0
928.8014278413734,949.4794373865379,0.9782217405338643,4,7.189385463318169,0
1018.686875192205,811.9966091705675,1.25454572554529,3,6.669837362738819,0
508.19462751163286,768.8137040510555,0.6610114060582414,3,6.244265358373541,1
779.5581238762836,964.0538547128538,0.8086250784282972,1,5.080256825058436,0
1071.706241790981,626.953821914209,1.7093862487652733,5,7.462464133346126,1
971.0766356761027,710.1524697021674,1.367419923334724,5,8.308712474591477,1
658.3953757499622,753.6958480549525,0.8735557950187329,3,8.28781168830642,0
801.6896543593074,727.5467273284555,1.1019081307713443,9,4.137101549863289,1
868.0688192113266,804.6725546326047,1.078785170705452,5,7.2287025504780615,0
531.3449153532678,904.7627280529662,0.5872754246814663,4,5.698844135755589,0
765.23719464117,602.684156121624,1.2697151349814848,1,4.506299573075795,1
871.75974141967,936.6893446978704,0.9306818171406194,8,8.940179830777959,0
981.791965046166,656.2211870313444,1.496129635020868,5,5.142433733773854,1
872.3388945669844,654.3156188255748,1.3332081177165505,6,8.628186650126679,1
776.8039875950401,725.2825044280696,1.0710364345650367,5,5.446223859863273,0
1130.0582281115367,646.4555840802102,1.7480833268992577,5,6.370032142415779,1
1196.400581141525,818.152448487321,1.4623198688136247,4,4.15468822365671,1
1041.4772240741947,992.0435969655068,1.0498300954311857,9,6.768557426790056,0
879.1933686870028,904.760725041948,0.9717413061295739,7,6.20220675156212,0
711.6332745460456,703.7339589268378,1.011224860643721,3,4.885854626359327,0
855.2124562838195,870.9549286074867,0.9819250436428015,5,8.832086929332036,0
890.3961783750308,738.910815612203,1.20501170041383,8,8.99856902077957,0
605.3650441643895,926.7027720478113,0.6532461781965587,4,6.008894003271621,0
1116.2203335042489,849.3623832637761,1.3141862125033597,9,7.962606959814596,1
1011.5726200982662,659.1936589463339,1.5345606050203526,5,6.377730187434134,1
659.4248152722467,985.6115388662055,0.6690514358535348,5,6.995602925201625,0
820.9264971984804,615.1926253159414,1.334421876037414,6,7.952548971374425,0
1055.9474637845838,710.3070273005428,1.486607091299119,6,4.743979847025578,1
1186.6911647138795,793.3629743892586,1.495773313126202,6,6.943657610656599,1
700.0484888681092,681.2892364344349,1.0275349314658953,8,6.206118568276633,0
924.0287121973397,967.493884242551,0.9550744735929364,3,6.886395146165656,0
1105.9040019371864,992.2957374333718,1.1144903280524703,2,6.217279181909521,0
921.4818897483457,836.5627037689952,1.1015096484659919,7,8.780235718059664,0
640.3321608698819,643.7056841238485,0.9947592147511354,4,4.015839242903509,0
948.1388180917367,719.3739649447507,1.3180054662731024,8,4.312287968095357,1
813.8233387585956,804.172995601693,1.012000332278855,7,4.0955804721488205,1
981.4054297013924,889.0827830792914,1.1038403266592864,6,6.6361309041990015,0
942.7808769760795,857.7881108484135,1.0990836373840647,2,5.667036610795552,0
1013.1358329019954,811.4312438888788,1.2485787804354487,3,8.98910427840989,0
973.7749092001769,931.3877197796469,1.045509714719621,7,4.011587739524069,0
739.2476833157332,853.1625322713737,0.8664793112135795,5,4.0283290726478365,0
1075.3486451579506,923.6732684556124,1.1642089057702627,1,8.22960719838866,0
929.5228799662209,635.4418855878716,1.4627976232732653,9,7.615747432323148,1
981.1844548953663,609.7993793070609,1.6090282938797427,3,6.745651681385864,1
903.9284651233376,879.1025104293718,1.0282401135242354,3,6.612882996683726,0
709.6959745677117,630.7448301104654,1.125171290652385,7,8.210372186992895,0
669.5618524771969,791.3039536780893,0.8461500152564404,2,4.364509176839517,0
706.7033458335603,692.9537292224192,1.0198420414398663,7,6.006530121098561,0
704.7605637495193,660.9318357858142,1.0663135373280892,7,8.530555010662486,0
725.0469908735174,790.5747945375167,0.917113720147968,1,6.744902247208209,0
523.5684247497109,685.8512293035211,0.7633848309660278,3,7.239087229952641,1
1122.061356185779,801.2335803119345,1.4004172862412239,4,7.123919313947012,0
977.8320548563817,696.7726721262118,1.4033731430259933,4,5.5159702973052305,1
894.3022516676704,647.9814772095559,1.3801355179454533,7,7.603275726415566,1
611.0369011684646,952.7968678886543,0.6413086794906127,8,7.147788484458683,1
1024.05166388834,727.0347181044467,1.4085319976992123,1,6.555645696186149,0
693.3186904746296,882.7905949822864,0.785371632202925,7,6.916332589065227,0
738.2595224140339,976.179402294469,0.7562744313993777,9,5.80116959400214,0
1089.8983315123885,725.3391670340573,1.5026050998583589,4,8.53599910780311,1
795.6691655290141,750.9254645625294,1.0595847431975838,8,8.82039208245054,0
562.5026671679011,874.807706601297,0.6430014995561393,1,8.650854827192124,0
973.0934225250355,655.646339556435,1.4841742625808958,5,7.565230253171594,1
1176.2332535900741,904.4151161003132,1.300545770024052,1,7.380541157072056,1
688.2776221167702,790.1626431400294,0.8710581651666319,3,7.220746107379579,1
752.0353261306848,982.7199261937144,0.765259059153791,9,6.379838655058279,1
944.0969017006086,908.3122473055519,1.0393968643505682,9,4.261775100937362,1
791.5531023327153,928.8719547265694,0.8521660044798356,2,5.05997027349329,0
830.5972629140872,952.062695168594,0.8724186622678275,1,7.981202977814272,0
525.1570724450874,757.8937415379312,0.6929164916699662,8,7.258198802386383,0
720.939140634345,857.9330416089256,0.8403209873842031,5,7.410969403133052,0
905.4226787623055,634.13653459373,1.4278039970404472,3,7.334333302754608,1
1047.410734453077,817.5222911464949,1.281201437313943,5,7.440222219180069,1
1137.7480919371685,935.306143818282,1.2164445828319272,1,4.621841995002551,0
789.5498724430447,797.1458337789786,0.9904710518275882,6,6.65468839206047,0
916.5921724339771,603.9695284511342,1.5176132722863624,9,8.81749620443794,1
974.2795872212672,724.7455431667532,1.344305731035175,1,6.606480238270695,1
587.8851503338574,606.7790659558324,0.9688619520974867,9,4.601036145602881,0
512.2866543566403,717.3234443122259,0.7141641032628229,1,7.695132788939794,0
949.3019711987488,828.2598495523739,1.1461402743496394,5,7.232293708189653,0
1181.93611067145,938.8243307935597,1.2589534292026658,9,6.7348162568569405,1
924.3025954534357,716.4576991140716,1.29010072275917,6,4.761638928313394,1
